"","Type","Well","yield","persist","new.yield","est","Initial","Cafeteria"
"1","1","A1",0.366,1,0.366,345,1,10
"2","2","A1",77,0,0,356,1,10
"3","3","A1",1525,1,1525,321,1,10
"4","4","A1",12419,1,12419,326,1,10
"5","1","B1",0.213,0,0,NA,4,10
"6","2","B1",11,0,0,NA,4,10
"7","3","B1",53,0,0,NA,4,10
"8","4","B1",396,0,0,NA,4,10
"9","1","C1",0.485,1,0.485,312,16,10
"10","2","C1",148,0,0,324,16,10
"11","3","C1",2861,1,2861,290,16,10
"12","4","C1",23006,1,23006,294,16,10
"13","1","D1",0.684,1,0.684,152,64,10
"14","2","D1",139,0,0,144,64,10
"15","3","D1",2651,1,2651,121,64,10
"16","4","D1",21562,1,21562,124,64,10
"17","1","E1",0.67,1,0.67,138,256,10
"18","2","E1",151,1,151,135,256,10
"19","3","E1",2943,1,2943,113,256,10
"20","4","E1",23629,1,23629,115,256,10
"21","1","F1",0.71,1,0.71,101,1024,10
"22","2","F1",130,0,0,101,1024,10
"23","3","F1",2470,1,2470,76,1024,10
"24","4","F1",19776,1,19776,78,1024,10
"25","1","G1",0.089,0,0,NA,0,0
"26","2","G1",9,0,0,NA,0,0
"27","3","G1",50,0,0,NA,0,0
"28","4","G1",366,0,0,NA,0,0
"29","1","H1",0.216,0,0,NA,0,10
"30","2","H1",13,0,0,NA,0,10
"31","3","H1",54,0,0,NA,0,10
"32","4","H1",410,0,0,NA,0,10
"33","1","I1",0.23,0,0,NA,1,0
"34","2","I1",15,0,0,NA,1,0
"35","3","I1",245,0,0,351,1,0
"36","4","I1",2031,1,2031,362,1,0
"37","1","J1",0.663,1,0.663,271,4,0
"38","2","J1",150,0,0,268,4,0
"39","3","J1",2876,1,2876,229,4,0
"40","4","J1",23158,1,23158,231,4,0
"41","1","K1",0.677,1,0.677,200,16,0
"42","2","K1",126,0,0,194,16,0
"43","3","K1",2407,1,2407,172,16,0
"44","4","K1",19651,1,19651,174,16,0
"45","1","L1",0.69,1,0.69,139,64,0
"46","2","L1",109,0,0,140,64,0
"47","3","L1",2041,1,2041,116,64,0
"48","4","L1",16291,1,16291,119,64,0
"49","1","M1",0.702,1,0.702,139,256,0
"50","2","M1",124,0,0,137,256,0
"51","3","M1",2340,1,2340,110,256,0
"52","4","M1",19130,1,19130,113,256,0
"53","1","N1",0.716,1,0.716,117,1024,0
"54","2","N1",135,0,0,117,1024,0
"55","3","N1",2529,1,2529,89,1024,0
"56","4","N1",20382,1,20382,94,1024,0
"57","1","O1",0.088,0,0,NA,0,0
"58","2","O1",15,0,0,NA,0,0
"59","3","O1",51,0,0,NA,0,0
"60","4","O1",391,0,0,NA,0,0
"61","1","P1",0.175,0,0,NA,0,0
"62","2","P1",9,0,0,NA,0,0
"63","3","P1",54,0,0,NA,0,0
"64","4","P1",406,0,0,NA,0,0
"65","1","A2",0.211,0,0,NA,1,10
"66","2","A2",9,0,0,NA,1,10
"67","3","A2",53,0,0,NA,1,10
"68","4","A2",392,0,0,NA,1,10
"69","1","B2",0.217,0,0,NA,4,10
"70","2","B2",12,0,0,NA,4,10
"71","3","B2",122,0,0,375,4,10
"72","4","B2",954,0,0,NA,4,10
"73","1","C2",0.545,1,0.545,287,16,10
"74","2","C2",156,1,156,291,16,10
"75","3","C2",2997,1,2997,256,16,10
"76","4","C2",24425,1,24425,258,16,10
"77","1","D2",0.693,1,0.693,134,64,10
"78","2","D2",116,0,0,133,64,10
"79","3","D2",2236,1,2236,109,64,10
"80","4","D2",17984,1,17984,111,64,10
"81","1","E2",0.69,1,0.69,141,256,10
"82","2","E2",140,0,0,138,256,10
"83","3","E2",2749,1,2749,110,256,10
"84","4","E2",21946,1,21946,114,256,10
"85","1","F2",0.725,1,0.725,115,1024,10
"86","2","F2",122,0,0,114,1024,10
"87","3","F2",2351,1,2351,86,1024,10
"88","4","F2",19031,1,19031,89,1024,10
"89","1","G2",0.087,0,0,NA,0,0
"90","2","G2",11,0,0,NA,0,0
"91","3","G2",52,0,0,NA,0,0
"92","4","G2",373,0,0,NA,0,0
"93","1","H2",0.217,0,0,NA,0,10
"94","2","H2",13,0,0,NA,0,10
"95","3","H2",52,0,0,NA,0,10
"96","4","H2",382,0,0,NA,0,10
"97","1","I2",0.215,0,0,NA,1,0
"98","2","I2",11,0,0,NA,1,0
"99","3","I2",58,0,0,NA,1,0
"100","4","I2",424,0,0,NA,1,0
"101","1","J2",0.711,1,0.711,229,4,0
"102","2","J2",134,0,0,227,4,0
"103","3","J2",2551,1,2551,207,4,0
"104","4","J2",20392,1,20392,210,4,0
"105","1","K2",0.654,1,0.654,220,16,0
"106","2","K2",114,0,0,216,16,0
"107","3","K2",2096,1,2096,192,16,0
"108","4","K2",16660,1,16660,193,16,0
"109","1","L2",0.715,1,0.715,142,64,0
"110","2","L2",123,0,0,136,64,0
"111","3","L2",2351,1,2351,112,64,0
"112","4","L2",18960,1,18960,114,64,0
"113","1","M2",0.704,1,0.704,133,256,0
"114","2","M2",137,0,0,136,256,0
"115","3","M2",2551,1,2551,109,256,0
"116","4","M2",20638,1,20638,112,256,0
"117","1","N2",0.722,1,0.722,116,1024,0
"118","2","N2",112,0,0,118,1024,0
"119","3","N2",2116,1,2116,90,1024,0
"120","4","N2",17267,1,17267,94,1024,0
"121","1","O2",0.088,0,0,NA,0,0
"122","2","O2",12,0,0,NA,0,0
"123","3","O2",51,0,0,NA,0,0
"124","4","O2",380,0,0,NA,0,0
"125","1","P2",0.177,0,0,NA,0,0
"126","2","P2",10,0,0,NA,0,0
"127","3","P2",55,0,0,NA,0,0
"128","4","P2",405,0,0,NA,0,0
"129","1","A3",0.202,0,0,NA,1,10
"130","2","A3",11,0,0,NA,1,10
"131","3","A3",52,0,0,NA,1,10
"132","4","A3",393,0,0,NA,1,10
"133","1","B3",0.355,1,0.355,358,4,10
"134","2","B3",67,0,0,371,4,10
"135","3","B3",1287,1,1287,316,4,10
"136","4","B3",10364,1,10364,323,4,10
"137","1","C3",0.56,1,0.56,276,16,10
"138","2","C3",154,1,154,284,16,10
"139","3","C3",2935,1,2935,254,16,10
"140","4","C3",23635,1,23635,256,16,10
"141","1","D3",0.696,1,0.696,146,64,10
"142","2","D3",122,0,0,142,64,10
"143","3","D3",2301,1,2301,118,64,10
"144","4","D3",18820,1,18820,120,64,10
"145","1","E3",0.708,1,0.708,145,256,10
"146","2","E3",121,0,0,140,256,10
"147","3","E3",2318,1,2318,115,256,10
"148","4","E3",18468,1,18468,116,256,10
"149","1","F3",0.727,1,0.727,108,1024,10
"150","2","F3",120,0,0,109,1024,10
"151","3","F3",2293,1,2293,83,1024,10
"152","4","F3",18623,1,18623,86,1024,10
"153","1","G3",0.088,0,0,NA,0,0
"154","2","G3",11,0,0,NA,0,0
"155","3","G3",55,0,0,NA,0,0
"156","4","G3",394,0,0,NA,0,0
"157","1","H3",0.212,0,0,NA,0,10
"158","2","H3",11,0,0,NA,0,10
"159","3","H3",53,0,0,NA,0,10
"160","4","H3",395,0,0,NA,0,10
"161","1","I3",0.236,0,0,NA,1,0
"162","2","I3",24,0,0,NA,1,0
"163","3","I3",409,0,0,329,1,0
"164","4","I3",3363,1,3363,340,1,0
"165","1","J3",0.659,1,0.659,296,4,0
"166","2","J3",135,0,0,297,4,0
"167","3","J3",2583,1,2583,249,4,0
"168","4","J3",20835,1,20835,253,4,0
"169","1","K3",0.669,1,0.669,225,16,0
"170","2","K3",122,0,0,221,16,0
"171","3","K3",2377,1,2377,203,16,0
"172","4","K3",19088,1,19088,204,16,0
"173","1","L3",0.686,1,0.686,149,64,0
"174","2","L3",112,0,0,150,64,0
"175","3","L3",2114,1,2114,123,64,0
"176","4","L3",17010,1,17010,125,64,0
"177","1","M3",0.693,1,0.693,132,256,0
"178","2","M3",120,0,0,133,256,0
"179","3","M3",2314,1,2314,106,256,0
"180","4","M3",18713,1,18713,109,256,0
"181","1","N3",0.716,1,0.716,115,1024,0
"182","2","N3",115,0,0,116,1024,0
"183","3","N3",2172,1,2172,89,1024,0
"184","4","N3",17575,1,17575,92,1024,0
"185","1","O3",0.087,0,0,NA,0,0
"186","2","O3",12,0,0,NA,0,0
"187","3","O3",52,0,0,NA,0,0
"188","4","O3",389,0,0,NA,0,0
"189","1","P3",0.176,0,0,NA,0,0
"190","2","P3",12,0,0,NA,0,0
"191","3","P3",54,0,0,NA,0,0
"192","4","P3",404,0,0,NA,0,0
"193","1","A4",0.215,0,0,NA,1,10
"194","2","A4",11,0,0,NA,1,10
"195","3","A4",57,0,0,NA,1,10
"196","4","A4",446,0,0,NA,1,10
"197","1","B4",0.22,0,0,NA,4,10
"198","2","B4",11,0,0,NA,4,10
"199","3","B4",84,0,0,NA,4,10
"200","4","B4",659,0,0,NA,4,10
"201","1","C4",0.525,1,0.525,306,16,10
"202","2","C4",146,0,0,319,16,10
"203","3","C4",2800,1,2800,281,16,10
"204","4","C4",22633,1,22633,284,16,10
"205","1","D4",0.704,1,0.704,153,64,10
"206","2","D4",116,0,0,150,64,10
"207","3","D4",2225,1,2225,125,64,10
"208","4","D4",17855,1,17855,128,64,10
"209","1","E4",0.704,1,0.704,141,256,10
"210","2","E4",131,0,0,134,256,10
"211","3","E4",2508,1,2508,112,256,10
"212","4","E4",20181,1,20181,115,256,10
"213","1","F4",0.741,1,0.741,102,1024,10
"214","2","F4",125,0,0,102,1024,10
"215","3","F4",2326,1,2326,78,1024,10
"216","4","F4",18822,1,18822,80,1024,10
"217","1","G4",0.086,0,0,NA,0,0
"218","2","G4",10,0,0,NA,0,0
"219","3","G4",50,0,0,NA,0,0
"220","4","G4",380,0,0,NA,0,0
"221","1","H4",0.212,0,0,NA,0,10
"222","2","H4",10,0,0,NA,0,10
"223","3","H4",54,0,0,NA,0,10
"224","4","H4",381,0,0,NA,0,10
"225","1","I4",0.21,0,0,NA,1,0
"226","2","I4",11,0,0,NA,1,0
"227","3","I4",50,0,0,NA,1,0
"228","4","I4",371,0,0,NA,1,0
"229","1","J4",0.667,1,0.667,240,4,0
"230","2","J4",121,0,0,235,4,0
"231","3","J4",2298,1,2298,217,4,0
"232","4","J4",18473,1,18473,218,4,0
"233","1","K4",0.654,1,0.654,201,16,0
"234","2","K4",106,0,0,203,16,0
"235","3","K4",1999,1,1999,174,16,0
"236","4","K4",16094,1,16094,177,16,0
"237","1","L4",0.698,1,0.698,163,64,0
"238","2","L4",118,0,0,155,64,0
"239","3","L4",2226,1,2226,128,64,0
"240","4","L4",17731,1,17731,131,64,0
"241","1","M4",0.697,1,0.697,137,256,0
"242","2","M4",117,0,0,141,256,0
"243","3","M4",2214,1,2214,112,256,0
"244","4","M4",17853,1,17853,114,256,0
"245","1","N4",0.74,1,0.74,119,1024,0
"246","2","N4",126,0,0,121,1024,0
"247","3","N4",2361,1,2361,94,1024,0
"248","4","N4",19084,1,19084,96,1024,0
"249","1","O4",0.087,0,0,NA,0,0
"250","2","O4",9,0,0,NA,0,0
"251","3","O4",51,0,0,NA,0,0
"252","4","O4",375,0,0,NA,0,0
"253","1","P4",0.174,0,0,NA,0,0
"254","2","P4",10,0,0,NA,0,0
"255","3","P4",55,0,0,NA,0,0
"256","4","P4",415,0,0,NA,0,0
"257","1","A5",0.211,0,0,NA,1,10
"258","2","A5",10,0,0,NA,1,10
"259","3","A5",57,0,0,NA,1,10
"260","4","A5",394,0,0,NA,1,10
"261","1","B5",0.543,1,0.543,314,4,10
"262","2","B5",152,1,152,319,4,10
"263","3","B5",2912,1,2912,291,4,10
"264","4","B5",23350,1,23350,293,4,10
"265","1","C5",0.575,1,0.575,265,16,10
"266","2","C5",152,1,152,272,16,10
"267","3","C5",2839,1,2839,240,16,10
"268","4","C5",22809,1,22809,243,16,10
"269","1","D5",0.695,1,0.695,149,64,10
"270","2","D5",126,0,0,141,64,10
"271","3","D5",2368,1,2368,116,64,10
"272","4","D5",19221,1,19221,119,64,10
"273","1","E5",0.718,1,0.718,129,256,10
"274","2","E5",140,0,0,129,256,10
"275","3","E5",2587,1,2587,104,256,10
"276","4","E5",21012,1,21012,106,256,10
"277","1","F5",0.743,1,0.743,108,1024,10
"278","2","F5",142,0,0,107,1024,10
"279","3","F5",2657,1,2657,83,1024,10
"280","4","F5",21250,1,21250,85,1024,10
"281","1","G5",0.086,0,0,NA,0,0
"282","2","G5",11,0,0,NA,0,0
"283","3","G5",53,0,0,NA,0,0
"284","4","G5",387,0,0,NA,0,0
"285","1","H5",0.213,0,0,NA,0,10
"286","2","H5",14,0,0,NA,0,10
"287","3","H5",54,0,0,NA,0,10
"288","4","H5",395,0,0,NA,0,10
"289","1","I5",0.213,0,0,NA,1,0
"290","2","I5",10,0,0,NA,1,0
"291","3","I5",50,0,0,NA,1,0
"292","4","I5",377,0,0,NA,1,0
"293","1","J5",0.658,1,0.658,232,4,0
"294","2","J5",117,0,0,229,4,0
"295","3","J5",2152,1,2152,204,4,0
"296","4","J5",17599,1,17599,206,4,0
"297","1","K5",0.655,1,0.655,202,16,0
"298","2","K5",118,0,0,201,16,0
"299","3","K5",2210,1,2210,176,16,0
"300","4","K5",17966,1,17966,178,16,0
"301","1","L5",0.664,1,0.664,157,64,0
"302","2","L5",110,0,0,155,64,0
"303","3","L5",2085,1,2085,133,64,0
"304","4","L5",16585,1,16585,135,64,0
"305","1","M5",0.709,1,0.709,143,256,0
"306","2","M5",143,0,0,139,256,0
"307","3","M5",2686,1,2686,114,256,0
"308","4","M5",21342,1,21342,117,256,0
"309","1","N5",0.713,1,0.713,118,1024,0
"310","2","N5",120,0,0,120,1024,0
"311","3","N5",2284,1,2284,92,1024,0
"312","4","N5",18464,1,18464,95,1024,0
"313","1","O5",0.087,0,0,NA,0,0
"314","2","O5",16,0,0,NA,0,0
"315","3","O5",51,0,0,NA,0,0
"316","4","O5",379,0,0,NA,0,0
"317","1","P5",0.169,0,0,NA,0,0
"318","2","P5",12,0,0,NA,0,0
"319","3","P5",55,0,0,NA,0,0
"320","4","P5",406,0,0,NA,0,0
"321","1","A6",0.218,0,0,NA,1,10
"322","2","A6",12,0,0,NA,1,10
"323","3","A6",184,0,0,362,1,10
"324","4","A6",1515,1,1515,370,1,10
"325","1","B6",0.211,0,0,NA,4,10
"326","2","B6",10,0,0,NA,4,10
"327","3","B6",54,0,0,NA,4,10
"328","4","B6",383,0,0,NA,4,10
"329","1","C6",0.581,1,0.581,258,16,10
"330","2","C6",154,1,154,263,16,10
"331","3","C6",2922,1,2922,228,16,10
"332","4","C6",23557,1,23557,231,16,10
"333","1","D6",0.696,1,0.696,164,64,10
"334","2","D6",131,0,0,155,64,10
"335","3","D6",2521,1,2521,136,64,10
"336","4","D6",20508,1,20508,137,64,10
"337","1","E6",0.692,1,0.692,142,256,10
"338","2","E6",129,0,0,140,256,10
"339","3","E6",2423,1,2423,115,256,10
"340","4","E6",19518,1,19518,117,256,10
"341","1","F6",0.714,1,0.714,115,1024,10
"342","2","F6",128,0,0,115,1024,10
"343","3","F6",2402,1,2402,90,1024,10
"344","4","F6",19069,1,19069,92,1024,10
"345","1","G6",0.087,0,0,NA,0,0
"346","2","G6",11,0,0,NA,0,0
"347","3","G6",51,0,0,NA,0,0
"348","4","G6",369,0,0,NA,0,0
"349","1","H6",0.212,0,0,NA,0,10
"350","2","H6",11,0,0,NA,0,10
"351","3","H6",51,0,0,NA,0,10
"352","4","H6",385,0,0,NA,0,10
"353","1","I6",0.217,0,0,NA,1,0
"354","2","I6",11,0,0,NA,1,0
"355","3","I6",51,0,0,NA,1,0
"356","4","I6",392,0,0,NA,1,0
"357","1","J6",0.646,1,0.646,228,4,0
"358","2","J6",112,0,0,219,4,0
"359","3","J6",2089,1,2089,193,4,0
"360","4","J6",16804,1,16804,195,4,0
"361","1","K6",0.628,1,0.628,230,16,0
"362","2","K6",121,0,0,225,16,0
"363","3","K6",2268,1,2268,205,16,0
"364","4","K6",18353,1,18353,207,16,0
"365","1","L6",0.651,1,0.651,131,64,0
"366","2","L6",112,0,0,135,64,0
"367","3","L6",2084,1,2084,110,64,0
"368","4","L6",16844,1,16844,113,64,0
"369","1","M6",0.696,1,0.696,148,256,0
"370","2","M6",114,0,0,148,256,0
"371","3","M6",2165,1,2165,118,256,0
"372","4","M6",17399,1,17399,121,256,0
"373","1","N6",0.7,1,0.7,113,1024,0
"374","2","N6",108,0,0,115,1024,0
"375","3","N6",2010,1,2010,87,1024,0
"376","4","N6",15991,1,15991,89,1024,0
"377","1","O6",0.087,0,0,NA,0,0
"378","2","O6",12,0,0,NA,0,0
"379","3","O6",54,0,0,NA,0,0
"380","4","O6",392,0,0,NA,0,0
"381","1","P6",0.177,0,0,NA,0,0
"382","2","P6",11,0,0,NA,0,0
"383","3","P6",57,0,0,NA,0,0
"384","4","P6",401,0,0,NA,0,0
"385","1","A7",0.211,0,0,NA,1,10
"386","2","A7",11,0,0,NA,1,10
"387","3","A7",52,0,0,NA,1,10
"388","4","A7",379,0,0,NA,1,10
"389","1","B7",0.392,1,0.392,351,4,10
"390","2","B7",103,0,0,361,4,10
"391","3","B7",1953,1,1953,307,4,10
"392","4","B7",16074,1,16074,319,4,10
"393","1","C7",0.548,1,0.548,281,16,10
"394","2","C7",131,0,0,291,16,10
"395","3","C7",2506,1,2506,254,16,10
"396","4","C7",20145,1,20145,257,16,10
"397","1","D7",0.707,1,0.707,152,64,10
"398","2","D7",121,0,0,149,64,10
"399","3","D7",2253,1,2253,126,64,10
"400","4","D7",18168,1,18168,128,64,10
"401","1","E7",0.707,1,0.707,140,256,10
"402","2","E7",128,0,0,136,256,10
"403","3","E7",2447,1,2447,110,256,10
"404","4","E7",19870,1,19870,113,256,10
"405","1","F7",0.711,1,0.711,115,1024,10
"406","2","F7",117,0,0,117,1024,10
"407","3","F7",2242,1,2242,87,1024,10
"408","4","F7",18056,1,18056,91,1024,10
"409","1","G7",0.086,0,0,NA,0,0
"410","2","G7",13,0,0,NA,0,0
"411","3","G7",54,0,0,NA,0,0
"412","4","G7",378,0,0,NA,0,0
"413","1","H7",0.215,0,0,NA,0,10
"414","2","H7",13,0,0,NA,0,10
"415","3","H7",51,0,0,NA,0,10
"416","4","H7",378,0,0,NA,0,10
"417","1","I7",0.256,1,0.256,380,1,0
"418","2","I7",40,0,0,NA,1,0
"419","3","I7",752,0,0,322,1,0
"420","4","I7",6005,1,6005,333,1,0
"421","1","J7",0.656,1,0.656,283,4,0
"422","2","J7",121,0,0,280,4,0
"423","3","J7",2271,1,2271,257,4,0
"424","4","J7",18333,1,18333,260,4,0
"425","1","K7",0.635,1,0.635,218,16,0
"426","2","K7",114,0,0,216,16,0
"427","3","K7",2112,1,2112,193,16,0
"428","4","K7",17012,1,17012,195,16,0
"429","1","L7",0.689,1,0.689,156,64,0
"430","2","L7",132,0,0,154,64,0
"431","3","L7",2493,1,2493,128,64,0
"432","4","L7",20064,1,20064,131,64,0
"433","1","M7",0.712,1,0.712,140,256,0
"434","2","M7",131,0,0,142,256,0
"435","3","M7",2476,1,2476,115,256,0
"436","4","M7",19714,1,19714,118,256,0
"437","1","N7",0.709,1,0.709,123,1024,0
"438","2","N7",125,0,0,125,1024,0
"439","3","N7",2338,1,2338,97,1024,0
"440","4","N7",19012,1,19012,100,1024,0
"441","1","O7",0.087,0,0,NA,0,0
"442","2","O7",10,0,0,NA,0,0
"443","3","O7",55,0,0,NA,0,0
"444","4","O7",388,0,0,NA,0,0
"445","1","P7",0.175,0,0,NA,0,0
"446","2","P7",9,0,0,NA,0,0
"447","3","P7",55,0,0,NA,0,0
"448","4","P7",393,0,0,NA,0,0
"449","1","A8",0.215,0,0,NA,1,10
"450","2","A8",8,0,0,NA,1,10
"451","3","A8",52,0,0,NA,1,10
"452","4","A8",385,0,0,NA,1,10
"453","1","B8",0.255,1,0.255,380,4,10
"454","2","B8",36,0,0,NA,4,10
"455","3","B8",687,0,0,329,4,10
"456","4","B8",5497,1,5497,336,4,10
"457","1","C8",0.578,1,0.578,269,16,10
"458","2","C8",146,0,0,275,16,10
"459","3","C8",2786,1,2786,242,16,10
"460","4","C8",22374,1,22374,246,16,10
"461","1","D8",0.698,1,0.698,151,64,10
"462","2","D8",115,0,0,146,64,10
"463","3","D8",2201,1,2201,122,64,10
"464","4","D8",17584,1,17584,124,64,10
"465","1","E8",0.694,1,0.694,143,256,10
"466","2","E8",124,0,0,137,256,10
"467","3","E8",2325,1,2325,112,256,10
"468","4","E8",18838,1,18838,116,256,10
"469","1","F8",0.712,1,0.712,113,1024,10
"470","2","F8",129,0,0,116,1024,10
"471","3","F8",2357,1,2357,87,1024,10
"472","4","F8",18967,1,18967,89,1024,10
"473","1","G8",0.086,0,0,NA,0,0
"474","2","G8",12,0,0,NA,0,0
"475","3","G8",51,0,0,NA,0,0
"476","4","G8",371,0,0,NA,0,0
"477","1","H8",0.214,0,0,NA,0,10
"478","2","H8",10,0,0,NA,0,10
"479","3","H8",52,0,0,NA,0,10
"480","4","H8",368,0,0,NA,0,10
"481","1","I8",0.248,0,0,NA,1,0
"482","2","I8",38,0,0,NA,1,0
"483","3","I8",752,0,0,316,1,0
"484","4","I8",5896,1,5896,324,1,0
"485","1","J8",0.677,1,0.677,246,4,0
"486","2","J8",124,0,0,246,4,0
"487","3","J8",2275,1,2275,219,4,0
"488","4","J8",18112,1,18112,223,4,0
"489","1","K8",0.647,1,0.647,226,16,0
"490","2","K8",108,0,0,220,16,0
"491","3","K8",2069,1,2069,192,16,0
"492","4","K8",16507,1,16507,195,16,0
"493","1","L8",0.684,1,0.684,147,64,0
"494","2","L8",114,0,0,147,64,0
"495","3","L8",2143,1,2143,119,64,0
"496","4","L8",17104,1,17104,122,64,0
"497","1","M8",0.688,1,0.688,133,256,0
"498","2","M8",113,0,0,137,256,0
"499","3","M8",2171,1,2171,110,256,0
"500","4","M8",17420,1,17420,113,256,0
"501","1","N8",0.705,1,0.705,121,1024,0
"502","2","N8",118,0,0,120,1024,0
"503","3","N8",2218,1,2218,92,1024,0
"504","4","N8",17912,1,17912,95,1024,0
"505","1","O8",0.087,0,0,NA,0,0
"506","2","O8",9,0,0,NA,0,0
"507","3","O8",58,0,0,NA,0,0
"508","4","O8",376,0,0,NA,0,0
"509","1","P8",0.173,0,0,NA,0,0
"510","2","P8",13,0,0,NA,0,0
"511","3","P8",58,0,0,NA,0,0
"512","4","P8",409,0,0,NA,0,0
"513","1","A9",0.194,0,0,NA,1,10
"514","2","A9",11,0,0,NA,1,10
"515","3","A9",51,0,0,NA,1,10
"516","4","A9",375,0,0,NA,1,10
"517","1","B9",0.215,0,0,NA,4,10
"518","2","B9",10,0,0,NA,4,10
"519","3","B9",52,0,0,NA,4,10
"520","4","B9",381,0,0,NA,4,10
"521","1","C9",0.609,1,0.609,246,16,10
"522","2","C9",157,1,157,256,16,10
"523","3","C9",2966,1,2966,223,16,10
"524","4","C9",23896,1,23896,226,16,10
"525","1","D9",0.673,1,0.673,151,64,10
"526","2","D9",110,0,0,145,64,10
"527","3","D9",2150,1,2150,122,64,10
"528","4","D9",17100,1,17100,125,64,10
"529","1","E9",0.688,1,0.688,136,256,10
"530","2","E9",137,0,0,133,256,10
"531","3","E9",2637,1,2637,108,256,10
"532","4","E9",21314,1,21314,110,256,10
"533","1","F9",0.708,1,0.708,118,1024,10
"534","2","F9",115,0,0,115,1024,10
"535","3","F9",2154,1,2154,87,1024,10
"536","4","F9",17656,1,17656,90,1024,10
"537","1","G9",0.086,0,0,NA,0,0
"538","2","G9",13,0,0,NA,0,0
"539","3","G9",50,0,0,NA,0,0
"540","4","G9",364,0,0,NA,0,0
"541","1","H9",0.214,0,0,NA,0,10
"542","2","H9",10,0,0,NA,0,10
"543","3","H9",53,0,0,NA,0,10
"544","4","H9",361,0,0,NA,0,10
"545","1","I9",0.25,0,0,NA,1,0
"546","2","I9",43,0,0,NA,1,0
"547","3","I9",802,0,0,314,1,0
"548","4","I9",6527,1,6527,326,1,0
"549","1","J9",0.649,1,0.649,224,4,0
"550","2","J9",110,0,0,220,4,0
"551","3","J9",2041,1,2041,196,4,0
"552","4","J9",16708,1,16708,198,4,0
"553","1","K9",0.64,1,0.64,195,16,0
"554","2","K9",102,0,0,205,16,0
"555","3","K9",1927,1,1927,174,16,0
"556","4","K9",15576,1,15576,177,16,0
"557","1","L9",0.666,1,0.666,160,64,0
"558","2","L9",119,0,0,156,64,0
"559","3","L9",2247,1,2247,132,64,0
"560","4","L9",17906,1,17906,135,64,0
"561","1","M9",0.702,1,0.702,149,256,0
"562","2","M9",126,0,0,144,256,0
"563","3","M9",2443,1,2443,118,256,0
"564","4","M9",19532,1,19532,121,256,0
"565","1","N9",0.717,1,0.717,122,1024,0
"566","2","N9",123,0,0,122,1024,0
"567","3","N9",2311,1,2311,94,1024,0
"568","4","N9",18347,1,18347,97,1024,0
"569","1","O9",0.089,0,0,NA,0,0
"570","2","O9",10,0,0,NA,0,0
"571","3","O9",51,0,0,NA,0,0
"572","4","O9",383,0,0,NA,0,0
"573","1","P9",0.179,0,0,NA,0,0
"574","2","P9",11,0,0,NA,0,0
"575","3","P9",55,0,0,NA,0,0
"576","4","P9",398,0,0,NA,0,0
"577","1","A10",0.205,0,0,NA,1,10
"578","2","A10",13,0,0,NA,1,10
"579","3","A10",53,0,0,NA,1,10
"580","4","A10",397,0,0,NA,1,10
"581","1","B10",0.322,1,0.322,369,4,10
"582","2","B10",57,0,0,377,4,10
"583","3","B10",1073,1,1073,342,4,10
"584","4","B10",8837,1,8837,347,4,10
"585","1","C10",0.537,1,0.537,307,16,10
"586","2","C10",139,0,0,314,16,10
"587","3","C10",2679,1,2679,272,16,10
"588","4","C10",21688,1,21688,281,16,10
"589","1","D10",0.692,1,0.692,153,64,10
"590","2","D10",135,0,0,151,64,10
"591","3","D10",2543,1,2543,126,64,10
"592","4","D10",20221,1,20221,129,64,10
"593","1","E10",0.713,1,0.713,132,256,10
"594","2","E10",136,0,0,131,256,10
"595","3","E10",2593,1,2593,104,256,10
"596","4","E10",21065,1,21065,106,256,10
"597","1","F10",0.716,1,0.716,114,1024,10
"598","2","F10",121,0,0,115,1024,10
"599","3","F10",2314,1,2314,87,1024,10
"600","4","F10",18838,1,18838,91,1024,10
"601","1","G10",0.09,0,0,NA,0,0
"602","2","G10",10,0,0,NA,0,0
"603","3","G10",52,0,0,NA,0,0
"604","4","G10",368,0,0,NA,0,0
"605","1","H10",0.217,0,0,NA,0,10
"606","2","H10",11,0,0,NA,0,10
"607","3","H10",50,0,0,NA,0,10
"608","4","H10",366,0,0,NA,0,10
"609","1","I10",0.214,0,0,NA,1,0
"610","2","I10",11,0,0,NA,1,0
"611","3","I10",52,0,0,NA,1,0
"612","4","I10",368,0,0,NA,1,0
"613","1","J10",0.646,1,0.646,241,4,0
"614","2","J10",105,0,0,233,4,0
"615","3","J10",2007,1,2007,206,4,0
"616","4","J10",15979,1,15979,209,4,0
"617","1","K10",0.667,1,0.667,191,16,0
"618","2","K10",107,0,0,196,16,0
"619","3","K10",2037,1,2037,166,16,0
"620","4","K10",16639,1,16639,169,16,0
"621","1","L10",0.668,1,0.668,153,64,0
"622","2","L10",119,0,0,149,64,0
"623","3","L10",2225,1,2225,122,64,0
"624","4","L10",18009,1,18009,124,64,0
"625","1","M10",0.687,1,0.687,148,256,0
"626","2","M10",126,0,0,142,256,0
"627","3","M10",2352,1,2352,114,256,0
"628","4","M10",19081,1,19081,118,256,0
"629","1","N10",0.709,1,0.709,120,1024,0
"630","2","N10",109,0,0,123,1024,0
"631","3","N10",2073,1,2073,95,1024,0
"632","4","N10",16889,1,16889,98,1024,0
"633","1","O10",0.087,0,0,NA,0,0
"634","2","O10",14,0,0,NA,0,0
"635","3","O10",53,0,0,NA,0,0
"636","4","O10",381,0,0,NA,0,0
"637","1","P10",0.174,0,0,NA,0,0
"638","2","P10",10,0,0,NA,0,0
"639","3","P10",55,0,0,NA,0,0
"640","4","P10",401,0,0,NA,0,0
"641","1","A11",0.199,0,0,NA,1,10
"642","2","A11",11,0,0,NA,1,10
"643","3","A11",51,0,0,NA,1,10
"644","4","A11",381,0,0,NA,1,10
"645","1","B11",0.255,1,0.255,380,4,10
"646","2","B11",41,0,0,NA,4,10
"647","3","B11",737,0,0,318,4,10
"648","4","B11",5983,1,5983,331,4,10
"649","1","C11",0.575,1,0.575,254,16,10
"650","2","C11",151,1,151,262,16,10
"651","3","C11",2900,1,2900,232,16,10
"652","4","C11",23671,1,23671,235,16,10
"653","1","D11",0.698,1,0.698,151,64,10
"654","2","D11",121,0,0,152,64,10
"655","3","D11",2252,1,2252,129,64,10
"656","4","D11",18127,1,18127,131,64,10
"657","1","E11",0.702,1,0.702,137,256,10
"658","2","E11",146,0,0,134,256,10
"659","3","E11",2802,1,2802,108,256,10
"660","4","E11",22931,1,22931,112,256,10
"661","1","F11",0.728,1,0.728,116,1024,10
"662","2","F11",122,0,0,116,1024,10
"663","3","F11",2294,1,2294,87,1024,10
"664","4","F11",18772,1,18772,90,1024,10
"665","1","G11",0.087,0,0,NA,0,0
"666","2","G11",12,0,0,NA,0,0
"667","3","G11",52,0,0,NA,0,0
"668","4","G11",372,0,0,NA,0,0
"669","1","H11",0.213,0,0,NA,0,10
"670","2","H11",11,0,0,NA,0,10
"671","3","H11",51,0,0,NA,0,10
"672","4","H11",374,0,0,NA,0,10
"673","1","I11",0.23,0,0,NA,1,0
"674","2","I11",13,0,0,NA,1,0
"675","3","I11",205,0,0,358,1,0
"676","4","I11",1609,1,1609,365,1,0
"677","1","J11",0.653,1,0.653,293,4,0
"678","2","J11",120,0,0,295,4,0
"679","3","J11",2314,1,2314,253,4,0
"680","4","J11",18453,1,18453,256,4,0
"681","1","K11",0.652,1,0.652,228,16,0
"682","2","K11",111,0,0,225,16,0
"683","3","K11",2092,1,2092,194,16,0
"684","4","K11",16649,1,16649,198,16,0
"685","1","L11",0.65,1,0.65,189,64,0
"686","2","L11",107,0,0,193,64,0
"687","3","L11",2022,1,2022,165,64,0
"688","4","L11",16111,1,16111,167,64,0
"689","1","M11",0.681,1,0.681,143,256,0
"690","2","M11",121,0,0,142,256,0
"691","3","M11",2294,1,2294,115,256,0
"692","4","M11",18786,1,18786,118,256,0
"693","1","N11",0.708,1,0.708,124,1024,0
"694","2","N11",122,0,0,122,1024,0
"695","3","N11",2299,1,2299,94,1024,0
"696","4","N11",18307,1,18307,98,1024,0
"697","1","O11",0.087,0,0,NA,0,0
"698","2","O11",13,0,0,NA,0,0
"699","3","O11",53,0,0,NA,0,0
"700","4","O11",372,0,0,NA,0,0
"701","1","P11",0.177,0,0,NA,0,0
"702","2","P11",11,0,0,NA,0,0
"703","3","P11",54,0,0,NA,0,0
"704","4","P11",400,0,0,NA,0,0
"705","1","A12",0.223,0,0,NA,1,10
"706","2","A12",17,0,0,NA,1,10
"707","3","A12",324,0,0,347,1,10
"708","4","A12",2618,1,2618,353,1,10
"709","1","B12",0.211,0,0,NA,4,10
"710","2","B12",11,0,0,NA,4,10
"711","3","B12",53,0,0,NA,4,10
"712","4","B12",407,0,0,NA,4,10
"713","1","C12",0.567,1,0.567,269,16,10
"714","2","C12",153,1,153,278,16,10
"715","3","C12",2832,1,2832,244,16,10
"716","4","C12",23006,1,23006,248,16,10
"717","1","D12",0.672,1,0.672,151,64,10
"718","2","D12",124,0,0,146,64,10
"719","3","D12",2344,1,2344,123,64,10
"720","4","D12",18809,1,18809,126,64,10
"721","1","E12",0.684,1,0.684,144,256,10
"722","2","E12",136,0,0,137,256,10
"723","3","E12",2583,1,2583,109,256,10
"724","4","E12",20959,1,20959,113,256,10
"725","1","F12",0.712,1,0.712,108,1024,10
"726","2","F12",126,0,0,111,1024,10
"727","3","F12",2445,1,2445,84,1024,10
"728","4","F12",19503,1,19503,87,1024,10
"729","1","G12",0.089,0,0,NA,0,0
"730","2","G12",12,0,0,NA,0,0
"731","3","G12",52,0,0,NA,0,0
"732","4","G12",369,0,0,NA,0,0
"733","1","H12",0.217,0,0,NA,0,10
"734","2","H12",11,0,0,NA,0,10
"735","3","H12",52,0,0,NA,0,10
"736","4","H12",357,0,0,NA,0,10
"737","1","I12",0.212,0,0,NA,1,0
"738","2","I12",11,0,0,NA,1,0
"739","3","I12",53,0,0,NA,1,0
"740","4","I12",366,0,0,NA,1,0
"741","1","J12",0.645,1,0.645,251,4,0
"742","2","J12",114,0,0,246,4,0
"743","3","J12",2176,1,2176,223,4,0
"744","4","J12",17479,1,17479,226,4,0
"745","1","K12",0.606,1,0.606,184,16,0
"746","2","K12",107,0,0,178,16,0
"747","3","K12",2069,1,2069,152,16,0
"748","4","K12",16397,1,16397,155,16,0
"749","1","L12",0.96,1,0.96,1,64,0
"750","2","L12",168,1,168,218,64,0
"751","3","L12",3234,1,3234,201,64,0
"752","4","L12",25974,1,25974,203,64,0
"753","1","M12",0.675,1,0.675,143,256,0
"754","2","M12",131,0,0,141,256,0
"755","3","M12",2526,1,2526,115,256,0
"756","4","M12",20300,1,20300,118,256,0
"757","1","N12",0.692,1,0.692,119,1024,0
"758","2","N12",123,0,0,121,1024,0
"759","3","N12",2370,1,2370,95,1024,0
"760","4","N12",18787,1,18787,97,1024,0
"761","1","O12",0.087,0,0,NA,0,0
"762","2","O12",11,0,0,NA,0,0
"763","3","O12",56,0,0,NA,0,0
"764","4","O12",380,0,0,NA,0,0
"765","1","P12",0.177,0,0,NA,0,0
"766","2","P12",10,0,0,NA,0,0
"767","3","P12",54,0,0,NA,0,0
"768","4","P12",388,0,0,NA,0,0
"769","1","A13",0.208,0,0,NA,2,10
"770","2","A13",10,0,0,NA,2,10
"771","3","A13",53,0,0,NA,2,10
"772","4","A13",402,0,0,NA,2,10
"773","1","B13",0.46,1,0.46,336,8,10
"774","2","B13",156,1,156,348,8,10
"775","3","B13",3029,1,3029,312,8,10
"776","4","B13",24583,1,24583,315,8,10
"777","1","C13",0.549,1,0.549,264,32,10
"778","2","C13",145,0,0,274,32,10
"779","3","C13",2729,1,2729,238,32,10
"780","4","C13",22124,1,22124,241,32,10
"781","1","D13",0.673,1,0.673,140,128,10
"782","2","D13",131,0,0,136,128,10
"783","3","D13",2531,1,2531,113,128,10
"784","4","D13",20145,1,20145,115,128,10
"785","1","E13",0.676,1,0.676,127,512,10
"786","2","E13",132,0,0,127,512,10
"787","3","E13",2476,1,2476,97,512,10
"788","4","E13",19728,1,19728,100,512,10
"789","1","F13",0.685,1,0.685,109,2048,10
"790","2","F13",138,0,0,105,2048,10
"791","3","F13",2616,1,2616,76,2048,10
"792","4","F13",20732,1,20732,81,2048,10
"793","1","G13",0.087,0,0,NA,0,0
"794","2","G13",12,0,0,NA,0,0
"795","3","G13",50,0,0,NA,0,0
"796","4","G13",367,0,0,NA,0,0
"797","1","H13",0.087,0,0,NA,0,0
"798","2","H13",11,0,0,NA,0,0
"799","3","H13",50,0,0,NA,0,0
"800","4","H13",363,0,0,NA,0,0
"801","1","I13",0.467,1,0.467,333,2,0
"802","2","I13",124,0,0,351,2,0
"803","3","I13",2332,1,2332,287,2,0
"804","4","I13",18895,1,18895,295,2,0
"805","1","J13",0.655,1,0.655,250,8,0
"806","2","J13",119,0,0,248,8,0
"807","3","J13",2274,1,2274,219,8,0
"808","4","J13",18382,1,18382,223,8,0
"809","1","K13",0.639,1,0.639,204,32,0
"810","2","K13",107,0,0,203,32,0
"811","3","K13",2006,1,2006,172,32,0
"812","4","K13",16201,1,16201,175,32,0
"813","1","L13",0.656,1,0.656,154,128,0
"814","2","L13",129,0,0,146,128,0
"815","3","L13",2472,1,2472,123,128,0
"816","4","L13",20073,1,20073,125,128,0
"817","1","M13",0.68,1,0.68,125,512,0
"818","2","M13",126,0,0,129,512,0
"819","3","M13",2401,1,2401,101,512,0
"820","4","M13",19324,1,19324,104,512,0
"821","1","N13",0.675,1,0.675,109,2048,0
"822","2","N13",109,0,0,111,2048,0
"823","3","N13",1984,1,1984,82,2048,0
"824","4","N13",16091,1,16091,86,2048,0
"825","1","O13",0.087,0,0,NA,0,0
"826","2","O13",11,0,0,NA,0,0
"827","3","O13",53,0,0,NA,0,0
"828","4","O13",373,0,0,NA,0,0
"829","1","P13",0.088,0,0,NA,0,0
"830","2","P13",10,0,0,NA,0,0
"831","3","P13",55,0,0,NA,0,0
"832","4","P13",376,0,0,NA,0,0
"833","1","A14",0.21,0,0,NA,2,10
"834","2","A14",11,0,0,NA,2,10
"835","3","A14",55,0,0,NA,2,10
"836","4","A14",383,0,0,NA,2,10
"837","1","B14",0.22,0,0,NA,8,10
"838","2","B14",17,0,0,NA,8,10
"839","3","B14",295,0,0,365,8,10
"840","4","B14",2461,1,2461,370,8,10
"841","1","C14",0.605,1,0.605,222,32,10
"842","2","C14",153,1,153,234,32,10
"843","3","C14",2936,1,2936,196,32,10
"844","4","C14",23734,1,23734,202,32,10
"845","1","D14",0.684,1,0.684,143,128,10
"846","2","D14",123,0,0,136,128,10
"847","3","D14",2382,1,2382,113,128,10
"848","4","D14",19127,1,19127,115,128,10
"849","1","E14",0.705,1,0.705,118,512,10
"850","2","E14",141,0,0,116,512,10
"851","3","E14",2661,1,2661,90,512,10
"852","4","E14",21258,1,21258,93,512,10
"853","1","F14",0.71,1,0.71,98,2048,10
"854","2","F14",123,0,0,99,2048,10
"855","3","F14",2282,1,2282,72,2048,10
"856","4","F14",18140,1,18140,74,2048,10
"857","1","G14",0.087,0,0,NA,0,0
"858","2","G14",10,0,0,NA,0,0
"859","3","G14",56,0,0,NA,0,0
"860","4","G14",368,0,0,NA,0,0
"861","1","H14",0.09,0,0,NA,0,0
"862","2","H14",11,0,0,NA,0,0
"863","3","H14",51,0,0,NA,0,0
"864","4","H14",375,0,0,NA,0,0
"865","1","I14",0.321,1,0.321,368,2,0
"866","2","I14",67,0,0,373,2,0
"867","3","I14",1209,1,1209,341,2,0
"868","4","I14",10003,1,10003,345,2,0
"869","1","J14",0.642,1,0.642,252,8,0
"870","2","J14",114,0,0,246,8,0
"871","3","J14",2153,1,2153,224,8,0
"872","4","J14",17342,1,17342,226,8,0
"873","1","K14",0.647,1,0.647,192,32,0
"874","2","K14",121,0,0,190,32,0
"875","3","K14",2268,1,2268,157,32,0
"876","4","K14",18470,1,18470,161,32,0
"877","1","L14",0.664,1,0.664,155,128,0
"878","2","L14",119,0,0,151,128,0
"879","3","L14",2305,1,2305,129,128,0
"880","4","L14",18559,1,18559,131,128,0
"881","1","M14",0.682,1,0.682,122,512,0
"882","2","M14",125,0,0,126,512,0
"883","3","M14",2382,1,2382,98,512,0
"884","4","M14",18978,1,18978,102,512,0
"885","1","N14",0.704,1,0.704,104,2048,0
"886","2","N14",107,0,0,107,2048,0
"887","3","N14",2006,1,2006,79,2048,0
"888","4","N14",16097,1,16097,82,2048,0
"889","1","O14",0.089,0,0,NA,0,0
"890","2","O14",11,0,0,NA,0,0
"891","3","O14",55,0,0,NA,0,0
"892","4","O14",391,0,0,NA,0,0
"893","1","P14",0.089,0,0,NA,0,0
"894","2","P14",11,0,0,NA,0,0
"895","3","P14",54,0,0,NA,0,0
"896","4","P14",400,0,0,NA,0,0
"897","1","A15",0.204,0,0,NA,2,10
"898","2","A15",12,0,0,NA,2,10
"899","3","A15",75,0,0,NA,2,10
"900","4","A15",610,0,0,NA,2,10
"901","1","B15",0.287,1,0.287,373,8,10
"902","2","B15",47,0,0,NA,8,10
"903","3","B15",880,0,0,345,8,10
"904","4","B15",7290,1,7290,349,8,10
"905","1","C15",0.599,1,0.599,265,32,10
"906","2","C15",141,0,0,274,32,10
"907","3","C15",2677,1,2677,238,32,10
"908","4","C15",21769,1,21769,242,32,10
"909","1","D15",0.737,1,0.737,134,128,10
"910","2","D15",126,0,0,133,128,10
"911","3","D15",2451,1,2451,108,128,10
"912","4","D15",19713,1,19713,110,128,10
"913","1","E15",0.723,1,0.723,132,512,10
"914","2","E15",137,0,0,132,512,10
"915","3","E15",2592,1,2592,101,512,10
"916","4","E15",21143,1,21143,105,512,10
"917","1","F15",0.739,1,0.739,99,2048,10
"918","2","F15",133,0,0,99,2048,10
"919","3","F15",2479,1,2479,72,2048,10
"920","4","F15",20163,1,20163,75,2048,10
"921","1","G15",0.087,0,0,NA,0,0
"922","2","G15",11,0,0,NA,0,0
"923","3","G15",50,0,0,NA,0,0
"924","4","G15",366,0,0,NA,0,0
"925","1","H15",0.092,0,0,NA,0,0
"926","2","H15",12,0,0,NA,0,0
"927","3","H15",52,0,0,NA,0,0
"928","4","H15",371,0,0,NA,0,0
"929","1","I15",0.216,0,0,NA,2,0
"930","2","I15",11,0,0,NA,2,0
"931","3","I15",51,0,0,NA,2,0
"932","4","I15",357,0,0,NA,2,0
"933","1","J15",0.622,1,0.622,252,8,0
"934","2","J15",111,0,0,249,8,0
"935","3","J15",2094,1,2094,221,8,0
"936","4","J15",16775,1,16775,223,8,0
"937","1","K15",0.666,1,0.666,214,32,0
"938","2","K15",131,0,0,212,32,0
"939","3","K15",2519,1,2519,185,32,0
"940","4","K15",20312,1,20312,189,32,0
"941","1","L15",0.67,1,0.67,140,128,0
"942","2","L15",137,0,0,139,128,0
"943","3","L15",2625,1,2625,115,128,0
"944","4","L15",21161,1,21161,118,128,0
"945","1","M15",0.692,1,0.692,128,512,0
"946","2","M15",132,0,0,129,512,0
"947","3","M15",2527,1,2527,101,512,0
"948","4","M15",20420,1,20420,104,512,0
"949","1","N15",0.703,1,0.703,110,2048,0
"950","2","N15",105,0,0,109,2048,0
"951","3","N15",1999,1,1999,83,2048,0
"952","4","N15",16268,1,16268,85,2048,0
"953","1","O15",0.087,0,0,NA,0,0
"954","2","O15",10,0,0,NA,0,0
"955","3","O15",51,0,0,NA,0,0
"956","4","O15",375,0,0,NA,0,0
"957","1","P15",0.089,0,0,NA,0,0
"958","2","P15",15,0,0,NA,0,0
"959","3","P15",55,0,0,NA,0,0
"960","4","P15",391,0,0,NA,0,0
"961","1","A16",0.213,0,0,NA,2,10
"962","2","A16",9,0,0,NA,2,10
"963","3","A16",49,0,0,NA,2,10
"964","4","A16",384,0,0,NA,2,10
"965","1","B16",0.212,0,0,NA,8,10
"966","2","B16",10,0,0,NA,8,10
"967","3","B16",79,0,0,NA,8,10
"968","4","B16",627,0,0,NA,8,10
"969","1","C16",0.61,1,0.61,247,32,10
"970","2","C16",158,1,158,249,32,10
"971","3","C16",3004,1,3004,219,32,10
"972","4","C16",23941,1,23941,221,32,10
"973","1","D16",0.693,1,0.693,140,128,10
"974","2","D16",149,0,0,138,128,10
"975","3","D16",2771,1,2771,114,128,10
"976","4","D16",22332,1,22332,116,128,10
"977","1","E16",0.749,1,0.749,119,512,10
"978","2","E16",136,0,0,121,512,10
"979","3","E16",2551,1,2551,92,512,10
"980","4","E16",20824,1,20824,95,512,10
"981","1","F16",0.724,1,0.724,101,2048,10
"982","2","F16",127,0,0,101,2048,10
"983","3","F16",2407,1,2407,72,2048,10
"984","4","F16",19485,1,19485,76,2048,10
"985","1","G16",0.087,0,0,NA,0,0
"986","2","G16",13,0,0,NA,0,0
"987","3","G16",54,0,0,NA,0,0
"988","4","G16",383,0,0,NA,0,0
"989","1","H16",0.088,0,0,NA,0,0
"990","2","H16",12,0,0,NA,0,0
"991","3","H16",52,0,0,NA,0,0
"992","4","H16",372,0,0,NA,0,0
"993","1","I16",0.345,1,0.345,357,2,0
"994","2","I16",63,0,0,373,2,0
"995","3","I16",1194,1,1194,316,2,0
"996","4","I16",9581,1,9581,323,2,0
"997","1","J16",0.64,1,0.64,216,8,0
"998","2","J16",109,0,0,208,8,0
"999","3","J16",2006,1,2006,181,8,0
"1000","4","J16",16249,1,16249,183,8,0
"1001","1","K16",0.622,1,0.622,195,32,0
"1002","2","K16",100,0,0,192,32,0
"1003","3","K16",1897,1,1897,166,32,0
"1004","4","K16",15225,1,15225,169,32,0
"1005","1","L16",0.68,1,0.68,149,128,0
"1006","2","L16",103,0,0,148,128,0
"1007","3","L16",1954,1,1954,121,128,0
"1008","4","L16",15918,1,15918,123,128,0
"1009","1","M16",0.675,1,0.675,132,512,0
"1010","2","M16",108,0,0,132,512,0
"1011","3","M16",2041,1,2041,104,512,0
"1012","4","M16",16752,1,16752,107,512,0
"1013","1","N16",0.698,1,0.698,107,2048,0
"1014","2","N16",99,0,0,109,2048,0
"1015","3","N16",1869,1,1869,83,2048,0
"1016","4","N16",15119,1,15119,86,2048,0
"1017","1","O16",0.088,0,0,NA,0,0
"1018","2","O16",10,0,0,NA,0,0
"1019","3","O16",53,0,0,NA,0,0
"1020","4","O16",386,0,0,NA,0,0
"1021","1","P16",0.088,0,0,NA,0,0
"1022","2","P16",10,0,0,NA,0,0
"1023","3","P16",52,0,0,NA,0,0
"1024","4","P16",383,0,0,NA,0,0
"1025","1","A17",0.269,1,0.269,376,2,10
"1026","2","A17",43,0,0,NA,2,10
"1027","3","A17",778,0,0,330,2,10
"1028","4","A17",6405,1,6405,336,2,10
"1029","1","B17",0.224,0,0,NA,8,10
"1030","2","B17",19,0,0,NA,8,10
"1031","3","B17",337,0,0,348,8,10
"1032","4","B17",2793,1,2793,356,8,10
"1033","1","C17",0.581,1,0.581,264,32,10
"1034","2","C17",153,1,153,271,32,10
"1035","3","C17",2775,1,2775,235,32,10
"1036","4","C17",22540,1,22540,238,32,10
"1037","1","D17",0.721,1,0.721,142,128,10
"1038","2","D17",144,0,0,141,128,10
"1039","3","D17",2764,1,2764,118,128,10
"1040","4","D17",22351,1,22351,120,128,10
"1041","1","E17",0.74,1,0.74,131,512,10
"1042","2","E17",130,0,0,129,512,10
"1043","3","E17",2485,1,2485,100,512,10
"1044","4","E17",20367,1,20367,102,512,10
"1045","1","F17",0.705,1,0.705,114,2048,10
"1046","2","F17",156,1,156,110,2048,10
"1047","3","F17",3002,1,3002,79,2048,10
"1048","4","F17",23821,1,23821,84,2048,10
"1049","1","G17",0.086,0,0,NA,0,0
"1050","2","G17",11,0,0,NA,0,0
"1051","3","G17",51,0,0,NA,0,0
"1052","4","G17",374,0,0,NA,0,0
"1053","1","H17",0.086,0,0,NA,0,0
"1054","2","H17",11,0,0,NA,0,0
"1055","3","H17",49,0,0,NA,0,0
"1056","4","H17",367,0,0,NA,0,0
"1057","1","I17",0.468,1,0.468,328,2,0
"1058","2","I17",139,0,0,340,2,0
"1059","3","I17",2582,1,2582,273,2,0
"1060","4","I17",20841,1,20841,282,2,0
"1061","1","J17",0.669,1,0.669,225,8,0
"1062","2","J17",130,0,0,219,8,0
"1063","3","J17",2429,1,2429,193,8,0
"1064","4","J17",19685,1,19685,197,8,0
"1065","1","K17",0.593,1,0.593,172,32,0
"1066","2","K17",108,0,0,172,32,0
"1067","3","K17",2056,1,2056,141,32,0
"1068","4","K17",16322,1,16322,144,32,0
"1069","1","L17",0.669,1,0.669,156,128,0
"1070","2","L17",127,0,0,148,128,0
"1071","3","L17",2478,1,2478,126,128,0
"1072","4","L17",19825,1,19825,128,128,0
"1073","1","M17",0.698,1,0.698,127,512,0
"1074","2","M17",142,0,0,128,512,0
"1075","3","M17",2645,1,2645,100,512,0
"1076","4","M17",21094,1,21094,104,512,0
"1077","1","N17",0.712,1,0.712,108,2048,0
"1078","2","N17",111,0,0,110,2048,0
"1079","3","N17",2065,1,2065,85,2048,0
"1080","4","N17",16763,1,16763,87,2048,0
"1081","1","O17",0.088,0,0,NA,0,0
"1082","2","O17",11,0,0,NA,0,0
"1083","3","O17",56,0,0,NA,0,0
"1084","4","O17",396,0,0,NA,0,0
"1085","1","P17",0.092,0,0,NA,0,0
"1086","2","P17",11,0,0,NA,0,0
"1087","3","P17",56,0,0,NA,0,0
"1088","4","P17",404,0,0,NA,0,0
"1089","1","A18",0.196,0,0,NA,2,10
"1090","2","A18",12,0,0,NA,2,10
"1091","3","A18",53,0,0,NA,2,10
"1092","4","A18",384,0,0,NA,2,10
"1093","1","B18",0.361,1,0.361,345,8,10
"1094","2","B18",116,0,0,351,8,10
"1095","3","B18",2320,1,2320,308,8,10
"1096","4","B18",18782,1,18782,312,8,10
"1097","1","C18",0.58,1,0.58,241,32,10
"1098","2","C18",159,1,159,248,32,10
"1099","3","C18",3045,1,3045,213,32,10
"1100","4","C18",24618,1,24618,217,32,10
"1101","1","D18",0.684,1,0.684,144,128,10
"1102","2","D18",129,0,0,142,128,10
"1103","3","D18",2452,1,2452,117,128,10
"1104","4","D18",19750,1,19750,119,128,10
"1105","1","E18",0.744,1,0.744,116,512,10
"1106","2","E18",139,0,0,120,512,10
"1107","3","E18",2639,1,2639,94,512,10
"1108","4","E18",21244,1,21244,96,512,10
"1109","1","F18",0.706,1,0.706,112,2048,10
"1110","2","F18",153,1,153,111,2048,10
"1111","3","F18",2942,1,2942,82,2048,10
"1112","4","F18",23546,1,23546,87,2048,10
"1113","1","G18",0.086,0,0,NA,0,0
"1114","2","G18",11,0,0,NA,0,0
"1115","3","G18",52,0,0,NA,0,0
"1116","4","G18",377,0,0,NA,0,0
"1117","1","H18",0.088,0,0,NA,0,0
"1118","2","H18",9,0,0,NA,0,0
"1119","3","H18",51,0,0,NA,0,0
"1120","4","H18",385,0,0,NA,0,0
"1121","1","I18",0.22,0,0,NA,2,0
"1122","2","I18",10,0,0,NA,2,0
"1123","3","I18",114,0,0,377,2,0
"1124","4","I18",900,0,0,NA,2,0
"1125","1","J18",0.665,1,0.665,265,8,0
"1126","2","J18",117,0,0,259,8,0
"1127","3","J18",2152,1,2152,236,8,0
"1128","4","J18",17438,1,17438,237,8,0
"1129","1","K18",0.669,1,0.669,195,32,0
"1130","2","K18",122,0,0,196,32,0
"1131","3","K18",2307,1,2307,168,32,0
"1132","4","K18",18456,1,18456,171,32,0
"1133","1","L18",0.686,1,0.686,155,128,0
"1134","2","L18",127,0,0,153,128,0
"1135","3","L18",2363,1,2363,130,128,0
"1136","4","L18",19080,1,19080,132,128,0
"1137","1","M18",0.717,1,0.717,130,512,0
"1138","2","M18",127,0,0,132,512,0
"1139","3","M18",2418,1,2418,105,512,0
"1140","4","M18",19426,1,19426,108,512,0
"1141","1","N18",0.708,1,0.708,108,2048,0
"1142","2","N18",97,0,0,109,2048,0
"1143","3","N18",1859,1,1859,80,2048,0
"1144","4","N18",14999,1,14999,84,2048,0
"1145","1","O18",0.087,0,0,NA,0,0
"1146","2","O18",10,0,0,NA,0,0
"1147","3","O18",53,0,0,NA,0,0
"1148","4","O18",387,0,0,NA,0,0
"1149","1","P18",0.087,0,0,NA,0,0
"1150","2","P18",10,0,0,NA,0,0
"1151","3","P18",52,0,0,NA,0,0
"1152","4","P18",396,0,0,NA,0,0
"1153","1","A19",0.203,0,0,NA,2,10
"1154","2","A19",13,0,0,NA,2,10
"1155","3","A19",105,0,0,381,2,10
"1156","4","A19",788,0,0,NA,2,10
"1157","1","B19",0.228,0,0,NA,8,10
"1158","2","B19",17,0,0,NA,8,10
"1159","3","B19",287,0,0,359,8,10
"1160","4","B19",2332,1,2332,366,8,10
"1161","1","C19",0.582,1,0.582,264,32,10
"1162","2","C19",157,1,157,265,32,10
"1163","3","C19",2983,1,2983,232,32,10
"1164","4","C19",24130,1,24130,235,32,10
"1165","1","D19",0.704,1,0.704,143,128,10
"1166","2","D19",125,0,0,138,128,10
"1167","3","D19",2394,1,2394,111,128,10
"1168","4","D19",19123,1,19123,114,128,10
"1169","1","E19",0.753,1,0.753,123,512,10
"1170","2","E19",136,0,0,125,512,10
"1171","3","E19",2627,1,2627,99,512,10
"1172","4","E19",21032,1,21032,101,512,10
"1173","1","F19",0.697,1,0.697,111,2048,10
"1174","2","F19",141,0,0,109,2048,10
"1175","3","F19",2693,1,2693,84,2048,10
"1176","4","F19",21888,1,21888,86,2048,10
"1177","1","G19",0.086,0,0,NA,0,0
"1178","2","G19",10,0,0,NA,0,0
"1179","3","G19",53,0,0,NA,0,0
"1180","4","G19",382,0,0,NA,0,0
"1181","1","H19",0.088,0,0,NA,0,0
"1182","2","H19",10,0,0,NA,0,0
"1183","3","H19",53,0,0,NA,0,0
"1184","4","H19",381,0,0,NA,0,0
"1185","1","I19",0.38,1,0.38,348,2,0
"1186","2","I19",90,0,0,360,2,0
"1187","3","I19",1742,1,1742,292,2,0
"1188","4","I19",14004,1,14004,303,2,0
"1189","1","J19",0.632,1,0.632,216,8,0
"1190","2","J19",109,0,0,215,8,0
"1191","3","J19",2108,1,2108,194,8,0
"1192","4","J19",16855,1,16855,196,8,0
"1193","1","K19",0.663,1,0.663,201,32,0
"1194","2","K19",131,0,0,197,32,0
"1195","3","K19",2499,1,2499,170,32,0
"1196","4","K19",19868,1,19868,172,32,0
"1197","1","L19",0.671,1,0.671,156,128,0
"1198","2","L19",151,1,151,150,128,0
"1199","3","L19",2828,1,2828,127,128,0
"1200","4","L19",22822,1,22822,130,128,0
"1201","1","M19",0.707,1,0.707,131,512,0
"1202","2","M19",120,0,0,131,512,0
"1203","3","M19",2259,1,2259,104,512,0
"1204","4","M19",18497,1,18497,107,512,0
"1205","1","N19",0.723,1,0.723,110,2048,0
"1206","2","N19",110,0,0,111,2048,0
"1207","3","N19",2058,1,2058,84,2048,0
"1208","4","N19",16859,1,16859,87,2048,0
"1209","1","O19",0.087,0,0,NA,0,0
"1210","2","O19",13,0,0,NA,0,0
"1211","3","O19",51,0,0,NA,0,0
"1212","4","O19",384,0,0,NA,0,0
"1213","1","P19",0.086,0,0,NA,0,0
"1214","2","P19",11,0,0,NA,0,0
"1215","3","P19",51,0,0,NA,0,0
"1216","4","P19",382,0,0,NA,0,0
"1217","1","A20",0.219,0,0,NA,2,10
"1218","2","A20",14,0,0,NA,2,10
"1219","3","A20",117,0,0,380,2,10
"1220","4","A20",874,0,0,NA,2,10
"1221","1","B20",0.206,0,0,NA,8,10
"1222","2","B20",15,0,0,NA,8,10
"1223","3","B20",139,0,0,376,8,10
"1224","4","B20",1135,1,1135,380,8,10
"1225","1","C20",0.504,1,0.504,312,32,10
"1226","2","C20",145,0,0,321,32,10
"1227","3","C20",2822,1,2822,288,32,10
"1228","4","C20",22749,1,22749,291,32,10
"1229","1","D20",0.699,1,0.699,141,128,10
"1230","2","D20",132,0,0,137,128,10
"1231","3","D20",2559,1,2559,111,128,10
"1232","4","D20",20193,1,20193,113,128,10
"1233","1","E20",0.723,1,0.723,126,512,10
"1234","2","E20",126,0,0,129,512,10
"1235","3","E20",2321,1,2321,102,512,10
"1236","4","E20",18877,1,18877,104,512,10
"1237","1","F20",0.732,1,0.732,104,2048,10
"1238","2","F20",132,0,0,104,2048,10
"1239","3","F20",2518,1,2518,77,2048,10
"1240","4","F20",20421,1,20421,80,2048,10
"1241","1","G20",0.086,0,0,NA,0,0
"1242","2","G20",12,0,0,NA,0,0
"1243","3","G20",53,0,0,NA,0,0
"1244","4","G20",377,0,0,NA,0,0
"1245","1","H20",0.086,0,0,NA,0,0
"1246","2","H20",12,0,0,NA,0,0
"1247","3","H20",53,0,0,NA,0,0
"1248","4","H20",377,0,0,NA,0,0
"1249","1","I20",0.343,1,0.343,357,2,0
"1250","2","I20",78,0,0,360,2,0
"1251","3","I20",1419,1,1419,300,2,0
"1252","4","I20",11598,1,11598,310,2,0
"1253","1","J20",0.66,1,0.66,239,8,0
"1254","2","J20",113,0,0,235,8,0
"1255","3","J20",2161,1,2161,208,8,0
"1256","4","J20",17413,1,17413,212,8,0
"1257","1","K20",0.65,1,0.65,199,32,0
"1258","2","K20",122,0,0,191,32,0
"1259","3","K20",2385,1,2385,165,32,0
"1260","4","K20",18903,1,18903,167,32,0
"1261","1","L20",0.689,1,0.689,151,128,0
"1262","2","L20",159,1,159,147,128,0
"1263","3","L20",2994,1,2994,124,128,0
"1264","4","L20",24109,1,24109,127,128,0
"1265","1","M20",0.69,1,0.69,133,512,0
"1266","2","M20",139,0,0,132,512,0
"1267","3","M20",2677,1,2677,106,512,0
"1268","4","M20",21738,1,21738,110,512,0
"1269","1","N20",0.698,1,0.698,108,2048,0
"1270","2","N20",109,0,0,112,2048,0
"1271","3","N20",2059,1,2059,84,2048,0
"1272","4","N20",16659,1,16659,87,2048,0
"1273","1","O20",0.087,0,0,NA,0,0
"1274","2","O20",11,0,0,NA,0,0
"1275","3","O20",54,0,0,NA,0,0
"1276","4","O20",396,0,0,NA,0,0
"1277","1","P20",0.087,0,0,NA,0,0
"1278","2","P20",13,0,0,NA,0,0
"1279","3","P20",56,0,0,NA,0,0
"1280","4","P20",400,0,0,NA,0,0
"1281","1","A21",0.214,0,0,NA,2,10
"1282","2","A21",10,0,0,NA,2,10
"1283","3","A21",54,0,0,NA,2,10
"1284","4","A21",387,0,0,NA,2,10
"1285","1","B21",0.217,0,0,NA,8,10
"1286","2","B21",15,0,0,NA,8,10
"1287","3","B21",142,0,0,372,8,10
"1288","4","B21",1148,1,1148,378,8,10
"1289","1","C21",0.581,1,0.581,259,32,10
"1290","2","C21",154,1,154,261,32,10
"1291","3","C21",2938,1,2938,229,32,10
"1292","4","C21",23785,1,23785,231,32,10
"1293","1","D21",0.65,1,0.65,135,128,10
"1294","2","D21",159,1,159,125,128,10
"1295","3","D21",3010,1,3010,102,128,10
"1296","4","D21",23852,1,23852,104,128,10
"1297","1","E21",0.723,1,0.723,137,512,10
"1298","2","E21",157,1,157,132,512,10
"1299","3","E21",2911,1,2911,109,512,10
"1300","4","E21",23314,1,23314,111,512,10
"1301","1","F21",0.714,1,0.714,99,2048,10
"1302","2","F21",117,0,0,101,2048,10
"1303","3","F21",2222,1,2222,76,2048,10
"1304","4","F21",17715,1,17715,78,2048,10
"1305","1","G21",0.086,0,0,NA,0,0
"1306","2","G21",12,0,0,NA,0,0
"1307","3","G21",53,0,0,NA,0,0
"1308","4","G21",395,0,0,NA,0,0
"1309","1","H21",0.086,0,0,NA,0,0
"1310","2","H21",10,0,0,NA,0,0
"1311","3","H21",56,0,0,NA,0,0
"1312","4","H21",368,0,0,NA,0,0
"1313","1","I21",0.234,0,0,NA,2,0
"1314","2","I21",25,0,0,NA,2,0
"1315","3","I21",428,0,0,334,2,0
"1316","4","I21",3617,1,3617,347,2,0
"1317","1","J21",0.649,1,0.649,216,8,0
"1318","2","J21",114,0,0,209,8,0
"1319","3","J21",2178,1,2178,182,8,0
"1320","4","J21",17440,1,17440,185,8,0
"1321","1","K21",0.666,1,0.666,200,32,0
"1322","2","K21",124,0,0,201,32,0
"1323","3","K21",2336,1,2336,172,32,0
"1324","4","K21",18795,1,18795,175,32,0
"1325","1","L21",0.717,1,0.717,148,128,0
"1326","2","L21",115,0,0,149,128,0
"1327","3","L21",2166,1,2166,121,128,0
"1328","4","L21",17791,1,17791,124,128,0
"1329","1","M21",0.707,1,0.707,125,512,0
"1330","2","M21",138,0,0,126,512,0
"1331","3","M21",2620,1,2620,101,512,0
"1332","4","M21",20988,1,20988,103,512,0
"1333","1","N21",0.71,1,0.71,107,2048,0
"1334","2","N21",108,0,0,108,2048,0
"1335","3","N21",2019,1,2019,82,2048,0
"1336","4","N21",16422,1,16422,84,2048,0
"1337","1","O21",0.088,0,0,NA,0,0
"1338","2","O21",10,0,0,NA,0,0
"1339","3","O21",55,0,0,NA,0,0
"1340","4","O21",402,0,0,NA,0,0
"1341","1","P21",0.088,0,0,NA,0,0
"1342","2","P21",11,0,0,NA,0,0
"1343","3","P21",61,0,0,NA,0,0
"1344","4","P21",401,0,0,NA,0,0
"1345","1","A22",0.223,0,0,NA,2,10
"1346","2","A22",11,0,0,NA,2,10
"1347","3","A22",161,0,0,364,2,10
"1348","4","A22",1318,1,1318,372,2,10
"1349","1","B22",0.214,0,0,NA,8,10
"1350","2","B22",11,0,0,NA,8,10
"1351","3","B22",52,0,0,NA,8,10
"1352","4","B22",412,0,0,NA,8,10
"1353","1","C22",0.546,1,0.546,299,32,10
"1354","2","C22",152,1,152,308,32,10
"1355","3","C22",2877,1,2877,269,32,10
"1356","4","C22",23085,1,23085,274,32,10
"1357","1","D22",0.778,1,0.778,165,128,10
"1358","2","D22",147,0,0,162,128,10
"1359","3","D22",2806,1,2806,141,128,10
"1360","4","D22",22497,1,22497,142,128,10
"1361","1","E22",0.729,1,0.729,130,512,10
"1362","2","E22",146,0,0,129,512,10
"1363","3","E22",2784,1,2784,104,512,10
"1364","4","E22",22333,1,22333,106,512,10
"1365","1","F22",0.674,1,0.674,100,2048,10
"1366","2","F22",128,0,0,101,2048,10
"1367","3","F22",2442,1,2442,73,2048,10
"1368","4","F22",19736,1,19736,76,2048,10
"1369","1","G22",0.086,0,0,NA,0,0
"1370","2","G22",10,0,0,NA,0,0
"1371","3","G22",52,0,0,NA,0,0
"1372","4","G22",387,0,0,NA,0,0
"1373","1","H22",0.086,0,0,NA,0,0
"1374","2","H22",11,0,0,NA,0,0
"1375","3","H22",53,0,0,NA,0,0
"1376","4","H22",390,0,0,NA,0,0
"1377","1","I22",0.487,1,0.487,320,2,0
"1378","2","I22",159,1,159,327,2,0
"1379","3","I22",3009,1,3009,298,2,0
"1380","4","I22",24347,1,24347,301,2,0
"1381","1","J22",0.623,1,0.623,255,8,0
"1382","2","J22",144,0,0,249,8,0
"1383","3","J22",2798,1,2798,200,8,0
"1384","4","J22",22505,1,22505,204,8,0
"1385","1","K22",0.642,1,0.642,193,32,0
"1386","2","K22",120,0,0,193,32,0
"1387","3","K22",2298,1,2298,167,32,0
"1388","4","K22",18644,1,18644,170,32,0
"1389","1","L22",0.731,1,0.731,150,128,0
"1390","2","L22",145,0,0,146,128,0
"1391","3","L22",2792,1,2792,125,128,0
"1392","4","L22",22970,1,22970,127,128,0
"1393","1","M22",0.684,1,0.684,134,512,0
"1394","2","M22",136,0,0,132,512,0
"1395","3","M22",2600,1,2600,107,512,0
"1396","4","M22",20936,1,20936,110,512,0
"1397","1","N22",0.705,1,0.705,109,2048,0
"1398","2","N22",120,0,0,108,2048,0
"1399","3","N22",2303,1,2303,82,2048,0
"1400","4","N22",18395,1,18395,84,2048,0
"1401","1","O22",0.089,0,0,NA,0,0
"1402","2","O22",11,0,0,NA,0,0
"1403","3","O22",56,0,0,NA,0,0
"1404","4","O22",409,0,0,NA,0,0
"1405","1","P22",0.09,0,0,NA,0,0
"1406","2","P22",13,0,0,NA,0,0
"1407","3","P22",56,0,0,NA,0,0
"1408","4","P22",396,0,0,NA,0,0
"1409","1","A23",0.229,0,0,NA,2,10
"1410","2","A23",13,0,0,NA,2,10
"1411","3","A23",201,0,0,363,2,10
"1412","4","A23",1640,1,1640,371,2,10
"1413","1","B23",0.406,1,0.406,350,8,10
"1414","2","B23",112,0,0,359,8,10
"1415","3","B23",2122,1,2122,327,8,10
"1416","4","B23",17407,1,17407,329,8,10
"1417","1","C23",0.359,1,0.359,345,32,10
"1418","2","C23",102,0,0,355,32,10
"1419","3","C23",1901,1,1901,321,32,10
"1420","4","C23",15371,1,15371,324,32,10
"1421","1","D23",0.677,1,0.677,140,128,10
"1422","2","D23",151,1,151,139,128,10
"1423","3","D23",2870,1,2870,115,128,10
"1424","4","D23",23454,1,23454,118,128,10
"1425","1","E23",0.729,1,0.729,125,512,10
"1426","2","E23",152,1,152,124,512,10
"1427","3","E23",2919,1,2919,100,512,10
"1428","4","E23",23857,1,23857,103,512,10
"1429","1","F23",0.706,1,0.706,99,2048,10
"1430","2","F23",124,0,0,101,2048,10
"1431","3","F23",2333,1,2333,73,2048,10
"1432","4","F23",18787,1,18787,76,2048,10
"1433","1","G23",0.086,0,0,NA,0,0
"1434","2","G23",11,0,0,NA,0,0
"1435","3","G23",53,0,0,NA,0,0
"1436","4","G23",390,0,0,NA,0,0
"1437","1","H23",0.088,0,0,NA,0,0
"1438","2","H23",12,0,0,NA,0,0
"1439","3","H23",58,0,0,NA,0,0
"1440","4","H23",403,0,0,NA,0,0
"1441","1","I23",0.319,1,0.319,363,2,0
"1442","2","I23",53,0,0,377,2,0
"1443","3","I23",1019,1,1019,319,2,0
"1444","4","I23",8182,1,8182,328,2,0
"1445","1","J23",0.661,1,0.661,228,8,0
"1446","2","J23",129,0,0,229,8,0
"1447","3","J23",2485,1,2485,203,8,0
"1448","4","J23",19887,1,19887,206,8,0
"1449","1","K23",0.651,1,0.651,182,32,0
"1450","2","K23",129,0,0,180,32,0
"1451","3","K23",2371,1,2371,156,32,0
"1452","4","K23",19207,1,19207,158,32,0
"1453","1","L23",0.712,1,0.712,146,128,0
"1454","2","L23",165,1,165,143,128,0
"1455","3","L23",3194,1,3194,123,128,0
"1456","4","L23",25144,1,25144,124,128,0
"1457","1","M23",0.702,1,0.702,124,512,0
"1458","2","M23",135,0,0,125,512,0
"1459","3","M23",2566,1,2566,99,512,0
"1460","4","M23",20678,1,20678,103,512,0
"1461","1","N23",0.694,1,0.694,105,2048,0
"1462","2","N23",111,0,0,107,2048,0
"1463","3","N23",2146,1,2146,79,2048,0
"1464","4","N23",17242,1,17242,83,2048,0
"1465","1","O23",0.086,0,0,NA,0,0
"1466","2","O23",10,0,0,NA,0,0
"1467","3","O23",56,0,0,NA,0,0
"1468","4","O23",394,0,0,NA,0,0
"1469","1","P23",0.086,0,0,NA,0,0
"1470","2","P23",14,0,0,NA,0,0
"1471","3","P23",54,0,0,NA,0,0
"1472","4","P23",407,0,0,NA,0,0
"1473","1","A24",0.215,0,0,NA,2,10
"1474","2","A24",11,0,0,NA,2,10
"1475","3","A24",51,0,0,NA,2,10
"1476","4","A24",386,0,0,NA,2,10
"1477","1","B24",0.215,0,0,NA,8,10
"1478","2","B24",12,0,0,NA,8,10
"1479","3","B24",52,0,0,NA,8,10
"1480","4","B24",393,0,0,NA,8,10
"1481","1","C24",0.355,1,0.355,352,32,10
"1482","2","C24",94,0,0,359,32,10
"1483","3","C24",1814,1,1814,325,32,10
"1484","4","C24",14832,1,14832,329,32,10
"1485","1","D24",0.687,1,0.687,145,128,10
"1486","2","D24",154,1,154,136,128,10
"1487","3","D24",2923,1,2923,115,128,10
"1488","4","D24",23859,1,23859,118,128,10
"1489","1","E24",0.719,1,0.719,133,512,10
"1490","2","E24",167,1,167,131,512,10
"1491","3","E24",3165,1,3165,106,512,10
"1492","4","E24",26155,1,26155,110,512,10
"1493","1","F24",0.697,1,0.697,103,2048,10
"1494","2","F24",141,0,0,103,2048,10
"1495","3","F24",2710,1,2710,76,2048,10
"1496","4","F24",21986,1,21986,78,2048,10
"1497","1","G24",0.087,0,0,NA,0,0
"1498","2","G24",11,0,0,NA,0,0
"1499","3","G24",54,0,0,NA,0,0
"1500","4","G24",384,0,0,NA,0,0
"1501","1","H24",0.088,0,0,NA,0,0
"1502","2","H24",12,0,0,NA,0,0
"1503","3","H24",52,0,0,NA,0,0
"1504","4","H24",388,0,0,NA,0,0
"1505","1","I24",0.581,1,0.581,260,2,0
"1506","2","I24",120,0,0,273,2,0
"1507","3","I24",2318,1,2318,238,2,0
"1508","4","I24",18658,1,18658,241,2,0
"1509","1","J24",0.714,1,0.714,179,8,0
"1510","2","J24",120,0,0,174,8,0
"1511","3","J24",2233,1,2233,154,8,0
"1512","4","J24",17878,1,17878,156,8,0
"1513","1","K24",0.684,1,0.684,158,32,0
"1514","2","K24",110,0,0,152,32,0
"1515","3","K24",2041,1,2041,129,32,0
"1516","4","K24",16573,1,16573,131,32,0
"1517","1","L24",0.692,1,0.692,137,128,0
"1518","2","L24",138,0,0,133,128,0
"1519","3","L24",2616,1,2616,114,128,0
"1520","4","L24",20794,1,20794,116,128,0
"1521","1","M24",0.734,1,0.734,119,512,0
"1522","2","M24",143,0,0,116,512,0
"1523","3","M24",2787,1,2787,93,512,0
"1524","4","M24",22411,1,22411,96,512,0
"1525","1","N24",0.699,1,0.699,108,2048,0
"1526","2","N24",137,0,0,106,2048,0
"1527","3","N24",2593,1,2593,80,2048,0
"1528","4","N24",20612,1,20612,83,2048,0
"1529","1","O24",0.093,0,0,NA,0,0
"1530","2","O24",17,0,0,NA,0,0
"1531","3","O24",170,0,0,1,0,0
"1532","4","O24",1352,1,1352,1,0,0
"1533","1","P24",0.092,0,0,NA,0,0
"1534","2","P24",11,0,0,NA,0,0
"1535","3","P24",56,0,0,NA,0,0
"1536","4","P24",423,0,0,NA,0,0
